jsonStructure,Group1,Group2,Parameter,type,pattern,pattern,Beispiel,Beschreibung,stamm- oder transaktionsdaten,BO Objekt,BO4E - Feld,Mapping EDI <-> BO4E
header,,,transactionId,string,($UUID RFC4122),($UUID RFC4122),f81d4fae-7dec-11d0-a765-00a0c91e6bf6,Externe Transaktions-Id zur eindeutigen Identifikation der Anfrage der MaLo-ID der Marktlokation des sendenden Marktpartners.,T,transaktionsdaten,vorgangsnummer,
header,,,creationDateTime ,string,"20(\d{2}(\-(0[13578]|1[02])\-(0[1-9]|[12]\d|3[01])|\-02\-(0[1-9]|1\d|2[0-8])|\-(0[469]|11)\-(0[1-9]|[12]\d|30))|([02468][048]|[13579][26])\-02\-(29))T([01]\d|2[0-3]):[0-5]\d:[0-5]\d(\.[\d]{1,4})?Z","20(\d{2}(\-(0[13578]|1[02])\-(0[1-9]|[12]\d|3[01])|\-02\-(0[1-9]|1\d|2[0-8])|\-(0[469]|11)\-(0[1-9]|[12]\d|30))|([02468][048]|[13579][26])\-02\-(29))T([01]\d|2[0-3]):[0-5]\d:[0-5]\d(\.[\d]{1,4})?Z",2023-08-01T12:30:00.1704Z,Zeitpunkt an dem der Aufruf erstellt wurde,T,transaktionsdaten,nachrichtendatum,
header,,,initialTransactionId,string,($UUID RFC4122),($UUID RFC4122),f81d4fae-7dec-11d0-a765-00a0c91e6bf6,Zur Angabe des Idempodenzschlüssel im Falle eines Retry.,T,transaktionsdaten,idempodenzschluessel,
query,,,referenceID,string,($UUID RFC4122),($UUID RFC4122),f81d4fae-7dec-11d0-a765-00a0c91e6bf6,"Externe Vorgangsreferenz zur eindeutigen Identifikation der ursprünglichen Anfrage (Wert aus transactionId, Schritt1 des UC Ermittlung der MaLo-ID der Marktlokation).",T,transaktionsdaten,vorgangsreferenznummer,
body,dataMarketLocation,,,Schema,,,,Schemarahmen für dataMarketLocation,,MARKTLOKATION[],,
body,dataMarketLocation,,maloId,string,\d{11},\d{11},57685676748,Identifiziert die Marktlokation mittels einer eindeutigen ID,S,MARKTLOKATION[],marktlokationsId,
body,dataMarketLocation,,energyDirection,array,"consumption, production","consumption, production",consumption,Energieflussrichtung der Marktlokation,S,MARKTLOKATION[],energierichtung,"consumption <-> AUSSP
production <-> EINSP"
body,dataMarketLocation,,measurementTechnologyClassification,array,"intelligentMeasuringSystem, conventionalMeasuringSystem, noMeasurement","intelligentMeasuringSystem, conventionalMeasuringSystem, noMeasurement",intelligentMeasuringSystem,Angabe der messtechnischen Einordung der Marktlokation,S,MARKTLOKATION[],messtechnischeEinordnung,"intelligentMeasuringSystem <-> IMS
conventionalMeasuringSystem <-> KME_MME
noMeasurement <-> KEINE_MESSUNG"
body,dataMarketLocation,,optionalChangeForecastBasis,array,"possible, notPossible","possible, notPossible",possible,Wahlrecht zur Änderung der Prognosegrundlage,S,BILANZIERUNG[],wahlrechtPrognosegrundlage,"possible <-> DURCH_LF
notPossible  <-> DURCH_LF_NICHT_GEGEBEN  (NICHT_WEGEN_GROSSEN_VERBRAUCHS, NICHT_WEGEN_EIGENVERBRAUCH, NICHT_WEGEN_TAGES_VERBRAUCH, NICHT_WEGEN_ENWG)"
body,dataMarketLocation,dataMarketLocationProperties,,Schema,,,,Schemarahmen für dataMarketLocationProperties,S,,,
body,dataMarketLocation,dataMarketLocationProperties,marketLocationProperty,array,"customerFacility, nonActice, standard","customerFacility, nonActice, standard",standard,"Eigenschaft der Marktlokation. nonActice=ruhende Marktlokation, customerFacility=Marktlokation ist eine Kundenanlage, standard=alle ""Standard"" Marktlokationen die nicht unter die Eigenschaft ""ruhende Marktlokation"" und ""Kundenanlage"" fallen.",S,MARKTLOKATION[].marktlokationsTyp[],typ,"customerFacility <-> KUNDENANLAGE
nonActice <-> RUHENDE_MARKTLOKATION
standard <-> STANDARD_MARKTLOKATION"
body,dataMarketLocation,dataMarketLocationProperties,executionTimeFrom,string,20(\d{2}(\-(0[13578]|1[02])\-(0[1-9]|[12]\d|3[01])|\-02\-(0[1-9]|1\d|2[0-8])|\-(0[469]|11)\-(0[1-9]|[12]\d|30))|([02468][048]|[13579][26])\-02\-(29))T([01]\d|2[0-3]):[0-5]\d:[0-5]\dZ,20(\d{2}(\-(0[13578]|1[02])\-(0[1-9]|[12]\d|3[01])|\-02\-(0[1-9]|1\d|2[0-8])|\-(0[469]|11)\-(0[1-9]|[12]\d|30))|([02468][048]|[13579][26])\-02\-(29))T([01]\d|2[0-3]):[0-5]\d:[0-5]\dZ,2023-08-01T22:00:00Z,"Beginnzeitpunkt, Zeitpunkt zu dem die zugeordneten Marktpartner oder Lokationen zugeordnet werden. Dieser Zeitpunkt muss ein Tagesbeginn 00:00 Uhr gesetzlicher deutscher Zeit sein.",S,MARKTLOKATION[].marktlokationsTyp[],gueltigAb,
body,dataMarketLocation,dataMarketLocationProperties,executionTimeUntil	,string,20(\d{2}(\-(0[13578]|1[02])\-(0[1-9]|[12]\d|3[01])|\-02\-(0[1-9]|1\d|2[0-8])|\-(0[469]|11)\-(0[1-9]|[12]\d|30))|([02468][048]|[13579][26])\-02\-(29))T([01]\d|2[0-3]):[0-5]\d:[0-5]\dZ,20(\d{2}(\-(0[13578]|1[02])\-(0[1-9]|[12]\d|3[01])|\-02\-(0[1-9]|1\d|2[0-8])|\-(0[469]|11)\-(0[1-9]|[12]\d|30))|([02468][048]|[13579][26])\-02\-(29))T([01]\d|2[0-3]):[0-5]\d:[0-5]\dZ,2023-08-01T22:00:00Z,"Endezeitpunkt, Zeitpunkt bis zu dem die zugeordneten Marktpartner oder Lokationen zugeordnet werden. Dieser Zeitpunkt muss ein Tagesbeginn 00:00 Uhr gesetzlicher deutscher Zeit sein.",S,MARKTLOKATION[].marktlokationsTyp[],gueltigBis,
body,dataMarketLocation,dataMarketLocationNetworkOperators,,Schema,,,,Schemarahmen für dataMarketLocationNetworkOperators,S,,,
body,dataMarketLocation,dataMarketLocationNetworkOperators,marketPartnerId,integer,\d{13},\d{13},9900987654321,Identifiziert den Marktpartner (Marktpartner-ID),S,"MARKTLOKATION[].marktrollen[marktrolle=""NB""]",rollencodenummer,
body,dataMarketLocation,dataMarketLocationNetworkOperators,executionTimeFrom,string,20(\d{2}(\-(0[13578]|1[02])\-(0[1-9]|[12]\d|3[01])|\-02\-(0[1-9]|1\d|2[0-8])|\-(0[469]|11)\-(0[1-9]|[12]\d|30))|([02468][048]|[13579][26])\-02\-(29))T([01]\d|2[0-3]):[0-5]\d:[0-5]\dZ,20(\d{2}(\-(0[13578]|1[02])\-(0[1-9]|[12]\d|3[01])|\-02\-(0[1-9]|1\d|2[0-8])|\-(0[469]|11)\-(0[1-9]|[12]\d|30))|([02468][048]|[13579][26])\-02\-(29))T([01]\d|2[0-3]):[0-5]\d:[0-5]\dZ,2023-08-01T22:00:00Z,"Beginnzeitpunkt, Zeitpunkt zu dem die zugeordneten Marktpartner oder Lokationen zugeordnet werden. Dieser Zeitpunkt muss ein Tagesbeginn 00:00 Uhr gesetzlicher deutscher Zeit sein.",S,"MARKTLOKATION[].marktrollen[marktrolle=""NB""]",zuordnungVon,
body,dataMarketLocation,dataMarketLocationNetworkOperators,executionTimeUntil,string,20(\d{2}(\-(0[13578]|1[02])\-(0[1-9]|[12]\d|3[01])|\-02\-(0[1-9]|1\d|2[0-8])|\-(0[469]|11)\-(0[1-9]|[12]\d|30))|([02468][048]|[13579][26])\-02\-(29))T([01]\d|2[0-3]):[0-5]\d:[0-5]\dZ,20(\d{2}(\-(0[13578]|1[02])\-(0[1-9]|[12]\d|3[01])|\-02\-(0[1-9]|1\d|2[0-8])|\-(0[469]|11)\-(0[1-9]|[12]\d|30))|([02468][048]|[13579][26])\-02\-(29))T([01]\d|2[0-3]):[0-5]\d:[0-5]\dZ,2023-08-01T22:00:00Z,"Endezeitpunkt, Zeitpunkt bis zu dem die zugeordneten Marktpartner oder Lokationen zugeordnet werden. Dieser Zeitpunkt muss ein Tagesbeginn 00:00 Uhr gesetzlicher deutscher Zeit sein.",S,"MARKTLOKATION[].marktrollen[marktrolle=""NB""]",zuordnungBis,
body,dataMarketLocation,dataMarketLocationMeasuringPointOperators,,Schema,,,,Schemarahmen für dataMarketLocationMeasuringPointOperators,S,,,
body,dataMarketLocation,dataMarketLocationMeasuringPointOperators,marketPartnerId,integer,\d{13},\d{13},9900987654321,Identifiziert den Marktpartner (Marktpartner-ID),S,"MARKTLOKATION[].marktrollen[marktrolle=""MSB""]",rollencodenummer,
body,dataMarketLocation,dataMarketLocationMeasuringPointOperators,executionTimeFrom,string,20(\d{2}(\-(0[13578]|1[02])\-(0[1-9]|[12]\d|3[01])|\-02\-(0[1-9]|1\d|2[0-8])|\-(0[469]|11)\-(0[1-9]|[12]\d|30))|([02468][048]|[13579][26])\-02\-(29))T([01]\d|2[0-3]):[0-5]\d:[0-5]\dZ,20(\d{2}(\-(0[13578]|1[02])\-(0[1-9]|[12]\d|3[01])|\-02\-(0[1-9]|1\d|2[0-8])|\-(0[469]|11)\-(0[1-9]|[12]\d|30))|([02468][048]|[13579][26])\-02\-(29))T([01]\d|2[0-3]):[0-5]\d:[0-5]\dZ,2023-08-01T22:00:00Z,"Beginnzeitpunkt, Zeitpunkt zu dem die zugeordneten Marktpartner oder Lokationen zugeordnet werden. Dieser Zeitpunkt muss ein Tagesbeginn 00:00 Uhr gesetzlicher deutscher Zeit sein.",S,"MARKTLOKATION[].marktrollen[marktrolle=""MSB""]",zuordnungVon,
body,dataMarketLocation,dataMarketLocationMeasuringPointOperators,executionTimeUntil,string,20(\d{2}(\-(0[13578]|1[02])\-(0[1-9]|[12]\d|3[01])|\-02\-(0[1-9]|1\d|2[0-8])|\-(0[469]|11)\-(0[1-9]|[12]\d|30))|([02468][048]|[13579][26])\-02\-(29))T([01]\d|2[0-3]):[0-5]\d:[0-5]\dZ,20(\d{2}(\-(0[13578]|1[02])\-(0[1-9]|[12]\d|3[01])|\-02\-(0[1-9]|1\d|2[0-8])|\-(0[469]|11)\-(0[1-9]|[12]\d|30))|([02468][048]|[13579][26])\-02\-(29))T([01]\d|2[0-3]):[0-5]\d:[0-5]\dZ,2023-08-01T22:00:00Z,"Endezeitpunkt, Zeitpunkt bis zu dem die zugeordneten Marktpartner oder Lokationen zugeordnet werden. Dieser Zeitpunkt muss ein Tagesbeginn 00:00 Uhr gesetzlicher deutscher Zeit sein.",S,"MARKTLOKATION[].marktrollen[marktrolle=""MSB""]",zuordnungBis,
body,dataMarketLocation,dataMarketLocationTransmissionSystemOperators,,Schema,,,,Schemarahmen für dataMarketLocationTransmissionSystemOperators,S,,,
body,dataMarketLocation,dataMarketLocationTransmissionSystemOperators,marketPartnerId,integer,\d{13},\d{13},9900987654321,Identifiziert den Marktpartner (Marktpartner-ID),S,"MARKTLOKATION[].marktrollen[marktrolle=""UENB""]",rollencodenummer,
body,dataMarketLocation,dataMarketLocationTransmissionSystemOperators,executionTimeFrom,string,20(\d{2}(\-(0[13578]|1[02])\-(0[1-9]|[12]\d|3[01])|\-02\-(0[1-9]|1\d|2[0-8])|\-(0[469]|11)\-(0[1-9]|[12]\d|30))|([02468][048]|[13579][26])\-02\-(29))T([01]\d|2[0-3]):[0-5]\d:[0-5]\dZ,20(\d{2}(\-(0[13578]|1[02])\-(0[1-9]|[12]\d|3[01])|\-02\-(0[1-9]|1\d|2[0-8])|\-(0[469]|11)\-(0[1-9]|[12]\d|30))|([02468][048]|[13579][26])\-02\-(29))T([01]\d|2[0-3]):[0-5]\d:[0-5]\dZ,2023-08-01T22:00:00Z,"Beginnzeitpunkt, Zeitpunkt zu dem die zugeordneten Marktpartner oder Lokationen zugeordnet werden. Dieser Zeitpunkt muss ein Tagesbeginn 00:00 Uhr gesetzlicher deutscher Zeit sein.",S,"MARKTLOKATION[].marktrollen[marktrolle=""UENB""]",zuordnungVon,
body,dataMarketLocation,dataMarketLocationTransmissionSystemOperators,executionTimeUntil,string,20(\d{2}(\-(0[13578]|1[02])\-(0[1-9]|[12]\d|3[01])|\-02\-(0[1-9]|1\d|2[0-8])|\-(0[469]|11)\-(0[1-9]|[12]\d|30))|([02468][048]|[13579][26])\-02\-(29))T([01]\d|2[0-3]):[0-5]\d:[0-5]\dZ,20(\d{2}(\-(0[13578]|1[02])\-(0[1-9]|[12]\d|3[01])|\-02\-(0[1-9]|1\d|2[0-8])|\-(0[469]|11)\-(0[1-9]|[12]\d|30))|([02468][048]|[13579][26])\-02\-(29))T([01]\d|2[0-3]):[0-5]\d:[0-5]\dZ,2023-08-01T22:00:00Z,"Endezeitpunkt, Zeitpunkt bis zu dem die zugeordneten Marktpartner oder Lokationen zugeordnet werden. Dieser Zeitpunkt muss ein Tagesbeginn 00:00 Uhr gesetzlicher deutscher Zeit sein.",S,"MARKTLOKATION[].marktrollen[marktrolle=""UENB""]",zuordnungBis,
body,dataMarketLocation,dataMarketLocationSuppliers,,Schema,,,,Schemarahmen für dataMarketLocationSuppliers,S,,,
body,dataMarketLocation,dataMarketLocationSuppliers,marketPartnerId,integer,\d{13},\d{13},9900987654321,Identifiziert den Marktpartner (Marktpartner-ID),S,"MARKTLOKATION[].marktrollen[marktrolle=""LF""]",rollencodenummer,
body,dataMarketLocation,dataMarketLocationSuppliers,executionTimeFrom,string,20(\d{2}(\-(0[13578]|1[02])\-(0[1-9]|[12]\d|3[01])|\-02\-(0[1-9]|1\d|2[0-8])|\-(0[469]|11)\-(0[1-9]|[12]\d|30))|([02468][048]|[13579][26])\-02\-(29))T([01]\d|2[0-3]):[0-5]\d:[0-5]\dZ,20(\d{2}(\-(0[13578]|1[02])\-(0[1-9]|[12]\d|3[01])|\-02\-(0[1-9]|1\d|2[0-8])|\-(0[469]|11)\-(0[1-9]|[12]\d|30))|([02468][048]|[13579][26])\-02\-(29))T([01]\d|2[0-3]):[0-5]\d:[0-5]\dZ,2023-08-01T22:00:00Z,"Beginnzeitpunkt, Zeitpunkt zu dem die zugeordneten Marktpartner oder Lokationen zugeordnet werden. Dieser Zeitpunkt muss ein Tagesbeginn 00:00 Uhr gesetzlicher deutscher Zeit sein.",S,"MARKTLOKATION[].marktrollen[marktrolle=""LF""]",zuordnungVon,
body,dataMarketLocation,dataMarketLocationSuppliers,executionTimeUntil,string,20(\d{2}(\-(0[13578]|1[02])\-(0[1-9]|[12]\d|3[01])|\-02\-(0[1-9]|1\d|2[0-8])|\-(0[469]|11)\-(0[1-9]|[12]\d|30))|([02468][048]|[13579][26])\-02\-(29))T([01]\d|2[0-3]):[0-5]\d:[0-5]\dZ,20(\d{2}(\-(0[13578]|1[02])\-(0[1-9]|[12]\d|3[01])|\-02\-(0[1-9]|1\d|2[0-8])|\-(0[469]|11)\-(0[1-9]|[12]\d|30))|([02468][048]|[13579][26])\-02\-(29))T([01]\d|2[0-3]):[0-5]\d:[0-5]\dZ,2023-08-01T22:00:00Z,"Endezeitpunkt, Zeitpunkt bis zu dem die zugeordneten Marktpartner oder Lokationen zugeordnet werden. Dieser Zeitpunkt muss ein Tagesbeginn 00:00 Uhr gesetzlicher deutscher Zeit sein.",S,"MARKTLOKATION[].marktrollen[marktrolle=""LF""]",zuordnungBis,
body,dataMarketLocation,dataMarketLocationName,,Schema,,,,Schemarahmen für dataMarketLocationName,S,,,
body,dataMarketLocation,dataMarketLocationName,surnames,string,,,Becker,Angabe des Namen des Kunden,S,"ENERGIELIEFERVERTRAG[].vertragspartner2[geschaeftspartnerrolle[]=[""KUNDE""],gewerbekennzeichnung=false]",name1,
body,dataMarketLocation,dataMarketLocationName,firstnames,string,,,Michael,Angabe des Vornamen des Kunden,S,"ENERGIELIEFERVERTRAG[].vertragspartner2[geschaeftspartnerrolle[]=[""KUNDE""],gewerbekennzeichnung=false]",name2,
body,dataMarketLocation,dataMarketLocationName,title,string,,,Prof. Dr.,Angabe des Titels der natürlichen Person,S,"ENERGIELIEFERVERTRAG[].vertragspartner2[geschaeftspartnerrolle[]=[""KUNDE""],gewerbekennzeichnung=false]",anrede,
body,dataMarketLocation,dataMarketLocationName,company,string,,,BDEW & Co. KG,Angabe des Firmennamen,S,"ENERGIELIEFERVERTRAG[].vertragspartner2[geschaeftspartnerrolle[]=[""KUNDE""],gewerbekennzeichnung=true]",name1,
body,dataMarketLocation,dataMarketLocationAddress,,Schema,,,,Schemarahmen für dataMarketLocationAddress,S,,,
body,dataMarketLocation,dataMarketLocationAddress,contryCode,string,[A-Z]{2},[A-Z]{2},DE,Angabe des Ländercodes nach ISO-3166-1 Alpha-2,S,MARKTLOKATION[].lokationsadresse,landescode,
body,dataMarketLocation,dataMarketLocationAddress,zipCode,string,,,12117,Angabe der Postleitzahl der Marktlokationsadresse,S,MARKTLOKATION[].lokationsadresse,postleitzahl,
body,dataMarketLocation,dataMarketLocationAddress,city,string,,,Berlin,Angabe des Ortes der Marktlokationsadresse,S,MARKTLOKATION[].lokationsadresse,ort,
body,dataMarketLocation,dataMarketLocationAddress,street,string,,,Reinhardtstraße,Angabe der Straße der Marktlokationsadresse,S,MARKTLOKATION[].lokationsadresse,strasse,
body,dataMarketLocation,dataMarketLocationAddress,houseNumber,integer,,,32,Angabe der Hausnummer der Marktlokationsadresse,S,MARKTLOKATION[].lokationsadresse,hausnummer,
body,dataMarketLocation,dataMarketLocationAddress,houseNumberAddition,string,,,F,Angabe der Hausnummernergänzung der Marktlokationsadresse,S,MARKTLOKATION[].lokationsadresse,adresszusatz,
body,dataMarketLocation,dataMarketLocationLandParcels,,Schema,,,,Schemarahmen für dataMarketLocationLandParcels,S,,,
body,dataMarketLocation,dataMarketLocationLandParcels,districtName,string,,,,Angabe des Gemarkungsnamens (des Flurstücks) der Marktlokationsadresse,S,MARKTLOKATION[].katasterinformation,gemarkung_flur,
body,dataMarketLocation,dataMarketLocationLandParcels,lotNumber,string,,,,Angabe der Flurnummer (des Flurstücks) der Marktlokationsadresse,S,MARKTLOKATION[].katasterinformation,flurstueck,
body,dataMarketLocation,dataMarketLocationLandParcels,subLotNumber,string,,,,Angabe der Flurstücksnummer (des Flurstücks) der Marktlokationsadresse,S,MARKTLOKATION[].katasterinformation,flurstueckNummer,
body,dataMarketLocation,dataMarketLocationGeographicCoordinates,,Schema,,,,Schemarahmen für dataMarketLocationGeographicCoordinates,S,,,
body,dataMarketLocation,dataMarketLocationGeographicCoordinates,latitude,string,,,string,Angabe der Breite (Breitengrad) nach WGS84. 46 <= X <= 59. °N,S,MARKTLOKATION[].geokoordinaten,breitengrad,
body,dataMarketLocation,dataMarketLocationGeographicCoordinates,longitude,string,,,string,Angabe der Länge (Längengrad) nach WGS84. 4 <= X <= 18. °O,S,MARKTLOKATION[].geokoordinaten,laengengrad,
body,dataMarketLocation,dataMarketLocationGeographicCoordinates,east,string,,,string,Angabe des UTM Ostwert nach WGS84. Umgerechneter Wert muss Min/Max für Länge/Breite entsprechen,S,MARKTLOKATION[].geokoordinaten,ostwert,
body,dataMarketLocation,dataMarketLocationGeographicCoordinates,north,string,,,string,Angabe des UTM Nordwert nach WGS84. Umgerechneter Wert muss Min/Max für Länge/Breite entsprechen,S,MARKTLOKATION[].geokoordinaten,nordwert,
body,dataMarketLocation,dataMarketLocationGeographicCoordinates,zone,array,"UTMZone31, UTMZone32, UTMZone33","UTMZone31, UTMZone32, UTMZone33",UTMZone31,,S,MARKTLOKATION[].geokoordinaten,zone,
body,dataMarketLocation,dataMarketLocationGeographicCoordinates,northing,string,,,string,Gauß-Krüger Hochwert. Umgerechneter Wert muss Min/Max für Länge/Breite entsprechen.,S,MARKTLOKATION[].geokoordinaten,hochwert,
body,dataMarketLocation,dataMarketLocationGeographicCoordinates,easting,string,,,string,Gauß-Krüger Rechtswert. Umgerechneter Wert muss Min/Max für Länge/Breite entsprechen.,S,MARKTLOKATION[].geokoordinaten,rechtswert,
body,dataTranches,,,Schema,,,,Schemarahmen für dataTranches,S,,,
body,dataTranches,,tranchenId,string,\d{11},\d{11},57685676742,Identifiziert die Tranche mittels einer eindeutigen ID,S,TRANCHE[],tranchenId,
body,dataTranches,,proportion,string,"bilateralAgreement, percent","bilateralAgreement, percent",percent,Gibt die Bildungslogik der Tranche an,S,TRANCHE[],bildungTranchengroesse,"percent -> PROZENTUAL
bilateralAgreement -> AUFTEILUNGSFAKTOR"
body,dataTranches,,percent,number,"\d{1,2}(\.[\d]{1,3})?","\d{1,2}(\.[\d]{1,3})?",75.912,"Prozentualer Wert, wenn proportion mit percent vorhanden ist.",S,TRANCHE[].aufteilungsmenge,"wert
einheit = ""PROZENT""","Objekt aufteilungsmenge ist nur zu bilden, wenn proportion=percent"
body,dataTranches,dataTrancheSuppliers,,Schema,,,,Schemarahmen für dataTrancheSuppliers,S,,,
body,dataTranches,dataTrancheSuppliers,marketPartnerId,integer,\d{13},\d{13},9900987654321,Identifiziert den Marktpartner (Marktpartner-ID),S,"TRANCHE[].marktrollen[marktrolle=""LF""]",rollencodenummer,
body,dataTranches,dataTrancheSuppliers,executionTimeFrom,string,20(\d{2}(\-(0[13578]|1[02])\-(0[1-9]|[12]\d|3[01])|\-02\-(0[1-9]|1\d|2[0-8])|\-(0[469]|11)\-(0[1-9]|[12]\d|30))|([02468][048]|[13579][26])\-02\-(29))T([01]\d|2[0-3]):[0-5]\d:[0-5]\dZ,20(\d{2}(\-(0[13578]|1[02])\-(0[1-9]|[12]\d|3[01])|\-02\-(0[1-9]|1\d|2[0-8])|\-(0[469]|11)\-(0[1-9]|[12]\d|30))|([02468][048]|[13579][26])\-02\-(29))T([01]\d|2[0-3]):[0-5]\d:[0-5]\dZ,2023-08-01T22:00:00Z,"Beginnzeitpunkt, Zeitpunkt zu dem die zugeordneten Marktpartner oder Lokationen zugeordnet werden. Dieser Zeitpunkt muss ein Tagesbeginn 00:00 Uhr gesetzlicher deutscher Zeit sein.",S,"TRANCHE[].marktrollen[marktrolle=""LF""]",zuordnungVon,
body,dataTranches,dataTrancheSuppliers,executionTimeUntil,string,20(\d{2}(\-(0[13578]|1[02])\-(0[1-9]|[12]\d|3[01])|\-02\-(0[1-9]|1\d|2[0-8])|\-(0[469]|11)\-(0[1-9]|[12]\d|30))|([02468][048]|[13579][26])\-02\-(29))T([01]\d|2[0-3]):[0-5]\d:[0-5]\dZ,20(\d{2}(\-(0[13578]|1[02])\-(0[1-9]|[12]\d|3[01])|\-02\-(0[1-9]|1\d|2[0-8])|\-(0[469]|11)\-(0[1-9]|[12]\d|30))|([02468][048]|[13579][26])\-02\-(29))T([01]\d|2[0-3]):[0-5]\d:[0-5]\dZ,2023-08-01T22:00:00Z,"Endezeitpunkt, Zeitpunkt bis zu dem die zugeordneten Marktpartner oder Lokationen zugeordnet werden. Dieser Zeitpunkt muss ein Tagesbeginn 00:00 Uhr gesetzlicher deutscher Zeit sein.",S,"TRANCHE[].marktrollen[marktrolle=""LF""]",zuordnungBis,
body,dataMeterLocations,,,Schema,,,,Schemarahmen für dataMeterLocations,S,,,
body,dataMeterLocations,,meloId,string,"DE\d{11}[A-Z,\d]{20}","DE\d{11}[A-Z,\d]{20}",DE00014545768S0000000000000003054,Identifiziert die Messlokation mittels einer eindeutigen ID,S,MESSLOKATION[],messlokationsId,
body,dataMeterLocations,,meterNumber,string,,,1SM-8465929523,Identifiziert das Gerät der Messlokation mittels Gerätenummer,S,MESSLOKATION[],messlokationszaehler[0],
body,dataMeterLocations,dataMeterLocationMeasuringPointOperators,,Schema,,,,Schemarahmen für dataMeterLocationMeasuringPointOperators,S,,,
body,dataMeterLocations,dataMeterLocationMeasuringPointOperators,marketPartnerId,integer,\d{13},\d{13},9900987654321,Identifiziert den Marktpartner (Marktpartner-ID),S,"MESSLOKATION[].marktrollen[marktrolle=""MSB""]",rollencodenummer,
body,dataMeterLocations,dataMeterLocationMeasuringPointOperators,executionTimeFrom,string,20(\d{2}(\-(0[13578]|1[02])\-(0[1-9]|[12]\d|3[01])|\-02\-(0[1-9]|1\d|2[0-8])|\-(0[469]|11)\-(0[1-9]|[12]\d|30))|([02468][048]|[13579][26])\-02\-(29))T([01]\d|2[0-3]):[0-5]\d:[0-5]\dZ,20(\d{2}(\-(0[13578]|1[02])\-(0[1-9]|[12]\d|3[01])|\-02\-(0[1-9]|1\d|2[0-8])|\-(0[469]|11)\-(0[1-9]|[12]\d|30))|([02468][048]|[13579][26])\-02\-(29))T([01]\d|2[0-3]):[0-5]\d:[0-5]\dZ,2023-08-01T22:00:00Z,"Beginnzeitpunkt, Zeitpunkt zu dem die zugeordneten Marktpartner oder Lokationen zugeordnet werden. Dieser Zeitpunkt muss ein Tagesbeginn 00:00 Uhr gesetzlicher deutscher Zeit sein.",S,"MESSLOKATION[].marktrollen[marktrolle=""MSB""]",zuordnungVon,
body,dataMeterLocations,dataMeterLocationMeasuringPointOperators,executionTimeUntil,string,20(\d{2}(\-(0[13578]|1[02])\-(0[1-9]|[12]\d|3[01])|\-02\-(0[1-9]|1\d|2[0-8])|\-(0[469]|11)\-(0[1-9]|[12]\d|30))|([02468][048]|[13579][26])\-02\-(29))T([01]\d|2[0-3]):[0-5]\d:[0-5]\dZ,20(\d{2}(\-(0[13578]|1[02])\-(0[1-9]|[12]\d|3[01])|\-02\-(0[1-9]|1\d|2[0-8])|\-(0[469]|11)\-(0[1-9]|[12]\d|30))|([02468][048]|[13579][26])\-02\-(29))T([01]\d|2[0-3]):[0-5]\d:[0-5]\dZ,2023-08-01T22:00:00Z,"Endezeitpunkt, Zeitpunkt bis zu dem die zugeordneten Marktpartner oder Lokationen zugeordnet werden. Dieser Zeitpunkt muss ein Tagesbeginn 00:00 Uhr gesetzlicher deutscher Zeit sein.",S,"MESSLOKATION[].marktrollen[marktrolle=""MSB""]",zuordnungBis,
body,dataTechnicalResources,,,Schema,,,,Schemarahmen für dataTechnicalResources,S,,,
body,dataTechnicalResources,,trId,string,D[A-Z\d]{9}\d,D[A-Z\d]{9}\d,D1234848431,Identifiziert die Technische Ressource mittels einer eindeutigen ID,S,TECHNISCHE_RESSOURCE[],ressourcenId,
body,dataControllableResources,,,Schema,,,,Schemarahmen für dataControllableResources,S,,,
body,dataControllableResources,,srId,string,C[A-Z\d]{9}\d,C[A-Z\d]{9}\d,C1234848431,Identifiziert die Steuerbare Ressource mittels einer eindeutigen ID,S,STEUERBARE_RESSOURCE[],ressourcenId,
body,dataControllableResources,dataControllableResourceMeasuringPointOperators,,Schema,,,,Schemarahmen für dataControllableResourceMeasuringPointOperators,S,,,
body,dataControllableResources,dataControllableResourceMeasuringPointOperators,marketPartnerId,integer,\d{13},\d{13},9900987654321,Identifiziert den Marktpartner (Marktpartner-ID),S,"STEUERBARE_RESSOURCE[].marktrollen[marktrolle=""MSB""]",rollencodenummer,
body,dataControllableResources,dataControllableResourceMeasuringPointOperators,executionTimeFrom,string,20(\d{2}(\-(0[13578]|1[02])\-(0[1-9]|[12]\d|3[01])|\-02\-(0[1-9]|1\d|2[0-8])|\-(0[469]|11)\-(0[1-9]|[12]\d|30))|([02468][048]|[13579][26])\-02\-(29))T([01]\d|2[0-3]):[0-5]\d:[0-5]\dZ,20(\d{2}(\-(0[13578]|1[02])\-(0[1-9]|[12]\d|3[01])|\-02\-(0[1-9]|1\d|2[0-8])|\-(0[469]|11)\-(0[1-9]|[12]\d|30))|([02468][048]|[13579][26])\-02\-(29))T([01]\d|2[0-3]):[0-5]\d:[0-5]\dZ,2023-08-01T22:00:00Z,"Beginnzeitpunkt, Zeitpunkt zu dem die zugeordneten Marktpartner oder Lokationen zugeordnet werden. Dieser Zeitpunkt muss ein Tagesbeginn 00:00 Uhr gesetzlicher deutscher Zeit sein.",S,"STEUERBARE_RESSOURCE[].marktrollen[marktrolle=""MSB""]",zuordnungVon,
body,dataControllableResources,dataControllableResourceMeasuringPointOperators,executionTimeUntil,string,20(\d{2}(\-(0[13578]|1[02])\-(0[1-9]|[12]\d|3[01])|\-02\-(0[1-9]|1\d|2[0-8])|\-(0[469]|11)\-(0[1-9]|[12]\d|30))|([02468][048]|[13579][26])\-02\-(29))T([01]\d|2[0-3]):[0-5]\d:[0-5]\dZ,20(\d{2}(\-(0[13578]|1[02])\-(0[1-9]|[12]\d|3[01])|\-02\-(0[1-9]|1\d|2[0-8])|\-(0[469]|11)\-(0[1-9]|[12]\d|30))|([02468][048]|[13579][26])\-02\-(29))T([01]\d|2[0-3]):[0-5]\d:[0-5]\dZ,2023-08-01T22:00:00Z,"Endezeitpunkt, Zeitpunkt bis zu dem die zugeordneten Marktpartner oder Lokationen zugeordnet werden. Dieser Zeitpunkt muss ein Tagesbeginn 00:00 Uhr gesetzlicher deutscher Zeit sein.",S,"STEUERBARE_RESSOURCE[].marktrollen[marktrolle=""MSB""]",zuordnungBis,
body,dataNetworkLocations,,,Schema,,,,Schemarahmen für dataNetworkLocations,S,,,
body,dataNetworkLocations,,neloId,string,E[A-Z\d]{9}\d,E[A-Z\d]{9}\d,E1234848431,Identifiziert die Netzlokation mittels einer eindeutigen ID,S,NETZLOKATION[],netzlokationsId,
body,dataNetworkLocations,dataNetworkLocationMeasuringPointOperators,,Schema,,,,Schemarahmen für dataNetworkLocationMeasuringPointOperators,S,,,
body,dataNetworkLocations,dataNetworkLocationMeasuringPointOperators,marketPartnerId,integer,\d{13},\d{13},9900987654321,Identifiziert den Marktpartner (Marktpartner-ID),S,"NETZLOKATION[].marktrollen[marktrolle=""MSB""]",rollencodenummer,
body,dataNetworkLocations,dataNetworkLocationMeasuringPointOperators,executionTimeFrom,string,20(\d{2}(\-(0[13578]|1[02])\-(0[1-9]|[12]\d|3[01])|\-02\-(0[1-9]|1\d|2[0-8])|\-(0[469]|11)\-(0[1-9]|[12]\d|30))|([02468][048]|[13579][26])\-02\-(29))T([01]\d|2[0-3]):[0-5]\d:[0-5]\dZ,20(\d{2}(\-(0[13578]|1[02])\-(0[1-9]|[12]\d|3[01])|\-02\-(0[1-9]|1\d|2[0-8])|\-(0[469]|11)\-(0[1-9]|[12]\d|30))|([02468][048]|[13579][26])\-02\-(29))T([01]\d|2[0-3]):[0-5]\d:[0-5]\dZ,2023-08-01T22:00:00Z,"Beginnzeitpunkt, Zeitpunkt zu dem die zugeordneten Marktpartner oder Lokationen zugeordnet werden. Dieser Zeitpunkt muss ein Tagesbeginn 00:00 Uhr gesetzlicher deutscher Zeit sein.",S,"NETZLOKATION[].marktrollen[marktrolle=""MSB""]",zuordnungVon,
body,dataNetworkLocations,dataNetworkLocationMeasuringPointOperators,executionTimeUntil,string,20(\d{2}(\-(0[13578]|1[02])\-(0[1-9]|[12]\d|3[01])|\-02\-(0[1-9]|1\d|2[0-8])|\-(0[469]|11)\-(0[1-9]|[12]\d|30))|([02468][048]|[13579][26])\-02\-(29))T([01]\d|2[0-3]):[0-5]\d:[0-5]\dZ,20(\d{2}(\-(0[13578]|1[02])\-(0[1-9]|[12]\d|3[01])|\-02\-(0[1-9]|1\d|2[0-8])|\-(0[469]|11)\-(0[1-9]|[12]\d|30))|([02468][048]|[13579][26])\-02\-(29))T([01]\d|2[0-3]):[0-5]\d:[0-5]\dZ,2023-08-01T22:00:00Z,"Endezeitpunkt, Zeitpunkt bis zu dem die zugeordneten Marktpartner oder Lokationen zugeordnet werden. Dieser Zeitpunkt muss ein Tagesbeginn 00:00 Uhr gesetzlicher deutscher Zeit sein.",S,"NETZLOKATION[].marktrollen[marktrolle=""MSB""]",zuordnungBis,
